[INFO] Scanning for projects...
[INFO] 
[INFO] ------------------------------------------------------------------------
[INFO] Building monappli-dao 1.0-SNAPSHOT
[INFO] ------------------------------------------------------------------------
[INFO] 
[INFO] --- maven-help-plugin:3.2.0:effective-settings (default-cli) @ monappli-dao ---
[INFO] 
Effective user-specific configuration settings:

<?xml version="1.0" encoding="Cp1252"?>
<!-- ====================================================================== -->
<!--                                                                        -->
<!-- Generated by Maven Help Plugin on 2020-05-12T16:58:41+02:00            -->
<!-- See: http://maven.apache.org/plugins/maven-help-plugin/                -->
<!--                                                                        -->
<!-- ====================================================================== -->
<!-- ====================================================================== -->
<!--                                                                        -->
<!-- Effective Settings for 'FSE18001' on 'PAR1LAP0752'                     -->
<!--                                                                        -->
<!-- ====================================================================== -->
<settings xmlns="http://maven.apache.org/SETTINGS/1.1.0" xmlns:xsi="http://www.w3.org/2001/XMLSchema-instance" xsi:schemaLocation="http://maven.apache.org/SETTINGS/1.1.0 http://maven.apache.org/xsd/settings-1.1.0.xsd">
  <localRepository>C:\Users\fse18001\.m2\repository</localRepository>
  <profiles>
    <profile>
      <activation />
      <properties>
        <db.driver>com.mysql.jdbc.Driver</db.driver>
        <db.password>passw@rd1</db.password>
        <db.url>jdbc:mysql://monserveurdetest/dbtest</db.url>
        <db.username>user1</db.username>
      </properties>
      <id>test</id>
    </profile>
    <profile>
      <activation />
      <properties>
        <db.driver>com.mysql.jdbc.Driver</db.driver>
        <db.password />
        <db.url>jdbc:mysql://monserveurdetest/dbdev</db.url>
        <db.username>root</db.username>
      </properties>
      <id>dev</id>
    </profile>
  </profiles>
  <pluginGroups>
    <pluginGroup>org.apache.maven.plugins</pluginGroup>
    <pluginGroup>org.codehaus.mojo</pluginGroup>
  </pluginGroups>
</settings>


[INFO] ------------------------------------------------------------------------
[INFO] BUILD SUCCESS
[INFO] ------------------------------------------------------------------------
[INFO] Total time: 2.152 s
[INFO] Finished at: 2020-05-12T16:58:42+02:00
[INFO] Final Memory: 14M/155M
[INFO] ------------------------------------------------------------------------
