<?xml version="1.0" encoding="UTF-8"?><project-modules id="moduleCoreId" project-version="1.5.0">
    <wb-module deploy-name="CabinetMedecin-presentation">
        <wb-resource deploy-path="/" source-path="/target/m2e-wtp/web-resources"/>
        <wb-resource deploy-path="/" source-path="/src/main/webapp" tag="defaultRootSource"/>
        <wb-resource deploy-path="/WEB-INF/classes" source-path="/src/main/java"/>
        <wb-resource deploy-path="/WEB-INF/classes" source-path="/src/main/resources"/>
        <dependent-module archiveName="CabinetMedecin-service-0.0.1-SNAPSHOT.jar" deploy-path="/WEB-INF/lib" handle="module:/resource/CabinetMedecin-service/CabinetMedecin-service">
            <dependency-type>uses</dependency-type>
        </dependent-module>
        <dependent-module archiveName="CabinetMedecin-dao-0.0.1-SNAPSHOT.jar" deploy-path="/WEB-INF/lib" handle="module:/resource/CabinetMedecin-dao/CabinetMedecin-dao">
            <dependency-type>uses</dependency-type>
        </dependent-module>
        <dependent-module archiveName="CabinetMedecin-domaine-0.0.1-SNAPSHOT.jar" deploy-path="/WEB-INF/lib" handle="module:/resource/CabinetMedecin-domaine/CabinetMedecin-domaine">
            <dependency-type>uses</dependency-type>
        </dependent-module>
        <property name="context-root" value="CabinetMedecin-presentation"/>
        <property name="java-output-path" value="/CabinetMedecin-presentation/target/classes"/>
    </wb-module>
</project-modules>
